batchsize,test_loss,test_accuracy
36,0.5474953552087148,73.31666666666666
36,0.5720746119817098,73.62222222222222
64,0.5701829029454125,70.68333333333334
64,0.5608134319384893,74.0
128,0.5412618153625064,72.4
128,0.53435261381997,73.05
