batch_norm_used,test_loss,test_accuracy
True,0.6582122113969591,72.96111111111111
True,0.6546537321474817,70.15
True,0.536191561155849,72.88888888888889
True,0.5660892360740237,73.56666666666666
True,0.5475249571932687,72.33888888888889
False,0.5811678055259917,71.22777777777777
False,0.6219566315412521,71.12777777777778
False,0.5865743292702569,69.67222222222222
False,0.6034078399340311,70.07222222222222
False,0.5963921828402413,70.23333333333333
