dropout_rate,train_loss,train_accuracy,test_loss,test_accuracy
0,0.29928731643275314,89.69444444444444,1.1639291749081828,66.70222222222222
0,0.42496791676115914,85.49,0.9880345648323948,67.52444444444444
0,0.2696568833573344,90.82888888888888,1.1221389286220074,67.28777777777778
