initialization, train_loss, train_accuracy, valid_loss, valid_accuracy
Wide_ResNet50_2_Weights.DEFAULT, 0.2104648084767425, 93.31444444444445, 0.9433015358041633, 70.28
Wide_ResNet50_2_Weights.DEFAULT, 0.27375798444788396, 91.06777777777778, 0.894719716838815, 71.61666666666666
Wide_ResNet50_2_Weights.DEFAULT, 0.257330683830409, 92.17111111111112, 0.9053465920415792, 70.86666666666666
Wide_ResNet50_2_Weights.IMAGENET1K_V1, 0.7518086225864432, 74.49777777777778, 1.0348402610556646, 64.28777777777778