batch_norm_used,test_loss,test_accuracy
True,0.687880277633667,63.6
True,0.6207215785980225,71.4
True,0.6066270470619202,74.2
True,0.6871336102485657,68.4
True,0.5826794505119324,70.2
False,0.5621688365936279,69.6
False,0.5833182334899902,71.0
False,0.5630824565887451,71.4
False,0.5542309284210205,71.4
False,0.6015927791595459,67.2
