weight_decay,train_loss,train_accuracy,test_loss,test_accuracy
0.0005,0.5064915597089193,82.43111111111111,0.9135463330894709,68.92222222222222
0.0005,0.5405149798333073,81.03444444444445,0.92550458826802,68.01666666666667
0.0005,0.5390307161516029,81.35222222222222,0.9188600676980886,68.35777777777778
